Kategorie,Statista_2024_%,Stichprobe_2025_%,Diff_2025-2024_pp
Kleidung / Schuhe,106.0,69.23076923076923,-36.769230769230774
"Elektronik (z. B. Smartphones, Haushaltsgeräte)",38.0,43.58974358974359,5.589743589743591
Lebensmittel / Getränke,16.0,15.384615384615383,-0.6153846153846168
Bücher / Medien / Software,25.0,46.15384615384615,21.153846153846153
Medikamente / Drogerieartikel,51.0,28.205128205128204,-22.794871794871796
Hobby- & Freizeitartikel,57.0,53.84615384615385,-3.1538461538461533
Möbel / Wohnaccessoires,15.0,0.0,-15.0
