Kategorie,2021,2022,2024,Stichprobe 2025
Möbel / Wohnaccessoires,38.0,32.0,15.0,0.0
Lebensmittel / Getränke,33.0,28.0,16.0,15.384615384615383
Bücher / Medien / Software,0.0,92.0,25.0,46.15384615384615
"Elektronik (z. B. Smartphones, Haushaltsgeräte)",38.0,145.0,38.0,43.58974358974359
Medikamente / Drogerieartikel,78.0,92.0,51.0,28.205128205128204
Hobby- & Freizeitartikel,83.0,71.0,57.0,53.84615384615385
Kleidung / Schuhe,57.0,78.0,106.0,69.23076923076923
